{"train_explained_variance": 67.79798531623689, "test_explained_variance": 68.06805337261447}